﻿"####"
"The Saudi king suspended final rulings and judicial orders on visitation rights of children of separated parents in the latest effort to try and curb the spread of the novel coronavirus among households, according to state media reports Wednesday."
"Spitting in public places and institutions has been banned in Telangana in the backdrop of COVID-19 pandemic with the state government saying such acts poses a serious threat of leading to the spread of infections. ""In the interest of public health and safety, the spitting of paan/any chewable tobacco or non-tobacco product, sputum etc, in public places & institutions is hereby BANNED with immediate effect,"" a notification said."
"With the number of coronavirus cases in Pune nearing 200, wearing a face mask has been made mandatory in public places, a senior official said on Wednesday. Masks are necessary for preventing the spread of the virus, said district collector Naval Kishore Ram."
"A 44-year-old Delhi Police head constable tested positive for coronavirus in Rohini area on Wednesday, officials said.According to police, they received information around 3.40 pm that one head constable in Rohini's Sector-16 has tested positive for COVID-19.He was posted in the Foreign Regional Registration Office at the Indira Gandhi International Airport's Terminal 3. His test was conducted on Saturday at Baba Sahib Ambedkar Medical College and Hospital and reports came on Wednesday, a senior police officer said."
"Delhi Chief Secretary Vijay Dev on Wednesday ordered the deployment ACP-rank officers at all quarantine centres in the national capital for their strict monitoring.According to an order, Dev said the Assistant Commissioner of Police (ACP)-rank officers will be deployed (preferably at night) in a shift to maintain law and order and to ensure that COVID-19 affected people remain inside the centres."
"The Mexican government said Wednesday that at least 108 Mexicans have died of complications related to COVID-19 in the United States, more than half of those in New York.The actual number could be higher, because Mexico's foreign ministry said in a statement that the figures only include deaths reported to its consulates."
"The Gujarat government said on Wednesday that 31 private hospitals across the state would be put to use as 'designated' COVID-19 hospitals for coronavirus patients.Already, dedicated COVID-19 hospitals with combined capacity of 2,200 beds are operational in Ahmedabad, Rajkot, Vadodara and Surat. The 31 new designated hospitals will add 4,064 beds, said an official release."
"Kerala Finance Minister Thomas Issac on Wednesday urged the Centre to allow states to launch 'pandemic bonds' having an interest rate under 5 per cent.The proposal comes against the backdrop of states looking to raise money to fund measures to deal with the coronavirus pandemic. Besides, the 21-day nationwide lockdown to curb spreading of the infection has caused economic disruptions."
"Two million protective masks purchased by Finland from China have turned out to be unsuitable for use in hospitals, the Finnish government admitted on Wednesday.On Tuesday Finland's Health minister Aino-Kaisa Pekonen had tweeted a picture of the first shipment of two million surgical masks and 230,000 respirator masks being unloaded at Helsinki airport on a Finnair flight from Guangzhou in China, saying they would be ""checked and tested"" before use."
"The AIIMS administration has rejected the proposal by its Resident Doctors' Association to make donations to the PM-CARES fund voluntary or opt-in, saying there is no mechanism in place for an opt-in donation in the institute.In response to the RDA's demand, the administration on Wednesday said there is no mechanism currently for an opt-in donation and all such voluntary donations are to be made directly to the charity of choice."
"The number of coronavirus infections and hospital admissions in Britain is beginning to show signs of flattening, Stephen Powis, medical director of the National Health Service, said on Wednesday.""We are starting to see a plateauing - the first signs of a plateauing of infections and hospitalisations,"" Powis told reporters.""We are beginning to see the benefits I believe but the really critical thing is that we have to continue following instructions - we have to continue following social distancing, because if we don't the virus will start to spread again."""
"NDMC (New Delhi Municipal Council) to immediately sanitise Bengali Market area under the containment plan to prevent the spread of COVID19. Delhi Police to immediately cordon off the area to prevent movement of people. (Reports ANI)"
"1)Gali No. 9, Pandav Nagar2)Mayurdhwaj Apartments3)Gali No. 4 from House No. J-3/115 to J-3/108, Krishan Kunj Extension3)Gali No. 4 from House No. J-3/101 to J-3/107, Krishan Kunj ExtensionReports ANI"
"1) House no. 141-180, Gali No. 14, Kalyan Puri2) Mansara Apartment, Vasundhara Enclave3) 3 Galis of Khichripur4) Vardhman ApartmentsReports ANI"
"Greeting ""Muslim brothers and sisters"" on the eve of the Shab-e-Baraat festival, Bihar Chief Minister Nitish Kumar on Wednesday however made a solemn appeal that people stay at their homes and maintain social distancing in view of the coronavirus pandemic. In his message, the chief minister said Shab-e-Baraat is a festival of great sanctity. People observe this festival by spending the night immersed in prayers, seeking eternal tranquility for their departed ancestors and a spirit of peace and brotherhood world over. It is an occasion when prayers are accepted by God."
"Shastri Nagar Sector-13 (Nauchandi) Sarai BehleemHumayun Nagar (Kharsauda)Lisadi GateSurya Nagar (Civil Line)Azad Nagar Colony (Sardhna)Gram Mahalka (Falawda)Mohalla Kalyan Singh (Mavana)Mohalla Munna Lal (Mavana)AS Degree College (Mohalla Bada Mahadev, Mavana)Kasba Khiwai (Suroorpur)"
"HDFC Bank on Wednesday deployed Mobile ATMs to assist customers during the lockdown and eliminate the need to move out of their locality to withdraw cash. The mobile van carrying the ATM piloted in Mumbai & Noida, with plans to extend the service to the rest of the country shortly.The locations for deployment are being identified in consultation with local municipal authorities in respective cities, the bank said."
"A 150-bed hospital for coronavirus patients will start functioning in Jalna from Thursday, Maharashtra health minister Rajesh Tope said. He was speaking to the local media through video conference on Wednesday.The hospital will have a 50-bed isolation ward, he added."
"Germany and France, the EU's two largest economies, are bracing for a painful recession as the coronavirus pandemic slashes output to the lowest levels in decades, forecasts said Wednesday.Gross domestic product in export powerhouse Germany is expected to shrink by nearly 10 percent in the second quarter as shutdowns aimed at slowing the outbreak paralyse the global economy, the country's leading research institutes said in a report.France meanwhile is already in a technical recession, the Bank of France said.Official data showed the French economy shrank 0.1 percent in the last quarter of 2019, and the central bank estimates it contracted around six percent in the first three months of 2020."
"A 32-year-old Indian man, who was on a long-term work pass in Singapore, died of the novel coronavirus on Wednesday, the Health Ministry said as the country's total number of COVID-19 cases reached 1,623.The man underwent the test for the coronavirus at the National Centre for Infectious Diseases (NCID) on April 7 and was advised to stay at home pending the result."
"Total 186 cases have been reported so far in the state, out of which 143 are active cases. 2 cases are on ventilator: State Health DepartmentReports ANI"
"In a major boost to supply chain across the country, the railways has for the first time introduced time-tabled parcel trains for nationwide transportation of essential commodities and other goods, the national transporter said on Wednesday, identifying 40 new routes for such vans.It said that this is expected to boost the availability of vital goods required for ordinary citizens, industry and agriculture during the coronavirus outbreak."
"The East Singhbhum district administration in Jharkhand has launched a mobile application to track the movement of home quarantined persons. The 'Sukarsha COVID-19' application, developed by students of RIT-Jamshedpur, necessitates home quarantined persons to upload their selfies on the application every two hours, an official release said on Wednesday."
"Nearly a dozen of large retail-focused non-banking finance companies (NBFCs) may need around Rs 10,000-20,000 crore of funds over the next few months for servicing their debt obligations and to run their operations, says a report. Due to the ongoing lockdown, the primary cash flows of the NBFCs have been disrupted as their collections have come to a standstill, according to a report by Acuite Ratings & Research on top 11 retail NBFCs ."
"A man who stole three face masks from a London hospital during the coronavirus crisis has been jailed for three months.Lerun Hussain, 34, pleaded guilty to the theft at a London magistrates' court on Tuesday after the theft from King's College Hospital late on Sunday.Hussain, from south London, was arrested on suspicion of theft and also detained for being in breach of a court order."
"With school-going children increasingly using the internet for studies during lockdown imposed to control the spread of coronavirus, the national cyber security agency on Wednesday asked parents to monitor their online activity and guard against cyber bullying and inappropriate content streaming.""The Internet is a good resource for kids to prepare school reports, communicate with teachers and other kids and play interactive games. But online access also comes with risks like inappropriate content, cyber bullying and online predators,"" the CERT-In said in an advisory."
"     Pfizer identifies lead coronavirus drug candidate                  Pfizer has announced progress in its research programme to develop antivirals and vaccine for the Covid-19 coronavirus infection.                 "
"     Australia’s UQ Covid-19 vaccine candidate advances to preclinical tests                  The University of Queensland in Australia has progressed its Covid-19 vaccine candidate project into preclinical testing stage.                 "
"     AstraZeneca begins efforts to identify antibodies against Covid-19                  AstraZeneca has begun research efforts focused on the identification and development of antibody therapies against Covid-19 coronavirus infection.                 "
"     Healthcare services not very prepared to contain the coronavirus outbreak, says poll                  How prepared are healthcare services providers in containing the COVID-19 coronavirus outbreak? Not very, according to a recent poll conducted by Verdict.                 "
"     OncoImmune gets approval to trial CD24Fc for Covid-19 in US                  The FDA has granted approval for OncoImmune to conduct a Phase III clinical trial of CD24Fc to treat patients hospitalised with Covid-19.                 "
"     Coronavirus: Disease exposure the biggest challenge to healthcare service professionals                  Exposure to the disease is the biggest challenge to healthcare professionals during the coronavirus pandemic, says a poll, but do you know other challenges?                 "
"     Confidence high about a COVID-19 vaccine/treatment development: Poll                  See the results of two polls by Verdict to assess the confidence over the development of an effective coronavirus vaccine/treatment over the next 12 months.                 "
"     FDA authorises Emory University to trial antiviral for Covid-19                  Emory University subsidiary DRIVE has received the FDA approval for its investigational new drug application of antiviral EIDD-2801 to treat Covid-19.                 "
"     University of Bristol, Imophoron to test Covid-19 vaccine candidates                  The University of Bristol and spin-out firm Imophoron are set to assess Covid-19 vaccine candidates in-vivo in a pre-clinical programme.                 "
"     Oxford Biomedica joins consortium for coronavirus vaccine                  Oxford Biomedica has become part of a consortium focussed on the development, scale-up and production of a Covid-19 coronavirus vaccine candidate.                 "
"Pharma Technology Focus Magazine"
"Pharma Technology Focus Magazine"
"Coronavirus Outbreak Dashboard"
"Accelerating Clinical Trials"
"Transforming Clinical Trials"
"Castor launches Covid-19 research platform to support vaccine development"
"South Africa braces for lockdown"
"Moderna’s vaccine may be available for emergency use by autumn"
"US White House and Senate reach deal on $2 trillion stimulus package"
"India Covid-19 updates: status by city and state"
"Frequently asked questions"
"India Covid-19 coronavirus by city and state"
"Covid-19 in Iran: Coronavirus outbreak, measures and impact"
"Coronavirus in India: how the 2019-nCoV could impact the fast-growing economy"
"First US clinical trial of Covid-19 vaccine candidate begins"
"Indian Prime Minister Narendra Modi calls for citizen curfew"
"Pfizer identifies lead coronavirus drug candidate"
"Australia’s UQ Covid-19 vaccine candidate advances to preclinical tests"
"AstraZeneca begins efforts to identify antibodies against Covid-19"
"Healthcare services not very prepared to contain the coronavirus outbreak, says poll"
"OncoImmune gets approval to trial CD24Fc for Covid-19 in US"
"Coronavirus: Disease exposure the biggest challenge to healthcare service professionals"
"Confidence high about a COVID-19 vaccine/treatment development: Poll"
"FDA authorises Emory University to trial antiviral for Covid-19"
"University of Bristol, Imophoron to test Covid-19 vaccine candidates"
"Oxford Biomedica joins consortium for coronavirus vaccine"
"View older coronavirus articles"
"Why we believe workplace health and wellness is important"
"Coronavirus: J&K cases cross 200-mark with 23 fresh detections"
"Punjab extends coronavirus lockdown till April 30, follows Odisha"
"IIT Kanpur develops low cost personal protection kit to fight Covid-19"
"Top headlines: NBFCs to face liquidity crisis, IndiGo to stop on-board food"
"Lockdown should continue, prediction for coronavirus frightening: Punjab CM"
"EPFO settles 137,000 withdrawal claims to ease Covid-19 lockdown woes"
"Maharashtra cops file case against Wadhawans for flouting Covid-19 lockdown"
"Covid-19: PM to interact with CMs tomorrow; extension of lockdown on agenda"
"In pics: Artists take to roads to make people aware of the Covid-19 threat"
