﻿"title","url"
"Audio Visual on ""How to Safely Stop Drinking During Lockdown  ","https://youtu.be/6HJNFex2v5E"
"Audio Visual on ""Managing Mental Stress and Depression During Lockdown  ","https://youtu.be/wRYP0vjOeck"
"Video on Addressing Social Stigma Associated with COVID-19 (Hindi)  ","https://youtu.be/ca0gl2C3SVI"
"COVID-19 & Pregnancy & Labour Management  ","https://youtu.be/MJwgi1LCu8o"
"Advisory for Voluntary Blood Donation during COVID- 19 scenario  ","https://www.mohfw.gov.in/pdf/NBTCGUIDANCEFORCOVID19.pdf"
"Release of funds to States/UTs under NHM for Emergency Response and Health System Preparedness Package for COVID-19","https://www.mohfw.gov.in/pdf/DOASMDCOVID19MD.pdf"
"Video on Addressing Social Stigma Associated with COVID-19","https://youtu.be/1GCv8_BIWeY"
"Video on use of PPE in different areas of the hospital","https://youtu.be/LzB5krucZoQ"
"Video on Salutations to Coronavirus Warriors - I","https://youtu.be/xMWe4UnykWc"
"Video on Salutations to Coronavirus Warriors - II","https://youtu.be/Llw7zjc1_r8"
"Insurance scheme for healthworkers fighting COVID19 ","https://www.mohfw.gov.in/pdf/PMInsuranceSchemePosterC.pdf"
"Addressing Social Stigma Associated with COVID-19 ","https://www.mohfw.gov.in/pdf/AddressingSocialStigmaAssociatedwithCOVID19.pdf"
"Video on Yoga for stress management (English) ","https://youtu.be/NkWbaBYabwo"
"Video on meditation for stress management (Hindi) ","https://youtu.be/gur9p17XBFk"
"Instructions to all major and minor ports for dealing with(COVID-19)","https://www.mohfw.gov.in/pdf/DGSOrder04of2020.pdf"
"Additional Travel Advisory ","https://www.mohfw.gov.in/pdf/Traveladvisory.pdf"
"Standard Operating Procedure for Passenger Movement post Disembarkation ","https://www.mohfw.gov.in/pdf/SOPQuarantineofPassengers.pdf"
"Additional Travel Advisory","https://www.mohfw.gov.in/pdf/TravelAdvisory17thMarch.pdf"
"Additional Travel Advisory ","https://www.mohfw.gov.in/pdf/TravelAdvisory16thMarch.pdf"
" Restrictions on International passenger traffic through Land Check Posts ","https://www.mohfw.gov.in/pdf/NewinstructionsDt14032020Restirctiononinternationalpassengertraffic.pdf"
"Restrictions on International passenger traffic through land check posts-COVID 19 ","https://www.mohfw.gov.in/pdf/GuidelinesDT13032020.pdf"
"Consolidated Travel Advisory - 11 March 2020","https://www.mohfw.gov.in/pdf/ConsolidatedTraveladvisoryUpdated11032020.pdf"
"Visa restrictions issued by Bureau of Immigration (BOI) after meeting of GoM on COVID19 - 11 March 2020 ","https://www.mohfw.gov.in/pdf/VisarestrictionsrelatedtoCOVID19Ministries.pdf"
"Decisions- High level Group of Ministers meeting to review current status and actions for prevention and management of COVID-19 ","https://www.mohfw.gov.in/pdf/HFWnCoVGoM11March2020II.pdf"
"Standard Operating Procedure (SOP) for COVID-19 Management- International Cruise Ships at major Indian Ports","https://www.mohfw.gov.in/pdf/InternationalCruiseShipsSOPforCovid19.pdf"
"Additional Travel Advisory","https://www.mohfw.gov.in/pdf/AdditionalTravelAdvisory10032020.pdf"
"Travel Advisory (Home Isolation)","https://www.mohfw.gov.in/pdf/AdditionalTravelAdvisory1homeisolation.pdf"
"Travel Advisory","https://www.mohfw.gov.in/pdf/DraftTraveladvisorytotravelersUpdated06032020.pdf"
"Travel Advisory ","https://www.mohfw.gov.in/pdf/TravelAdvisory5thMarch.pdf"
"Travel and Visa restrictions related to COVID-19 in respect of Bureau of Immigration ","https://boi.gov.in/content/advisory-travel-and-visa-restrictions-related-covid-19"
"Travel Advisory","https://www.mohfw.gov.in/pdf/Consolidated%20Travel%20advisory%20to%20travelers%20Updated%2002032020.pdf"
"Travel Advisory ","https://www.mohfw.gov.in/pdf/Consolidated%20Travel%20advisory%20to%20travelers%20Updated%2026-02-2020.pdf"
"Travel Advisory ","https://www.mohfw.gov.in/pdf/Traveladvisory05022020.pdf"
"Travel Advisory ","https://www.mohfw.gov.in/pdf/TraveladvisorytotravelersvisitingChina25012020.pdf"
"Travel Advisory ","https://www.mohfw.gov.in/pdf/TraveladvisorytotravelersvisitingChina17012020.pdf"
"Audio Visual on ""How to Safely Stop Drinking During Lockdown\n","https://youtu.be/6HJNFex2v5E"
"Audio Visual on ""Managing Mental Stress and Depression During Lockdown\n","https://youtu.be/wRYP0vjOeck"
"Video on Addressing Social Stigma Associated with COVID-19 (Hindi)\n","https://youtu.be/ca0gl2C3SVI"
"Video on Addressing Social Stigma Associated with COVID-19\n","https://youtu.be/1GCv8_BIWeY"
"Addressing Social Stigma Associated with COVID-19\n","https://www.mohfw.gov.in/pdf/AddressingSocialStigmaAssociatedwithCOVID19.pdf"
"Video on Yoga for stress management (English)\n","https://youtu.be/NkWbaBYabwo"
"Video on meditation for stress management (Hindi)\n","https://youtu.be/gur9p17XBFk"
"Lockdown to Knockdown COVID-19 ","https://youtu.be/3Xrse108SbA"
"Lockdown to Knockdown COVID-19 - additional tips ","https://youtu.be/WuY68_iN17o"
"Taking care of mental health of children during COVID - 19  ","https://www.mohfw.gov.in/pdf/mentalhealthchildrean.pdf"
"Taking care of mental health of elderly during COVID -19 ","https://www.mohfw.gov.in/pdf/mentalhealthelderly.pdf"
" Psychosocial issues  among  migrants  during  COVID-19","https://www.mohfw.gov.in/pdf/RevisedPsychosocialissuesofmigrantsCOVID19.pdf"
" Video on Practical tips to take care of your Mental Health during the Stay In","https://youtu.be/uHB3WJsLJ8s"
" Minding our minds during the COVID-19  ","https://www.mohfw.gov.in/pdf/MindingourmindsduringCoronaeditedat.pdf"
"Various Health Experts on how to manage Mental health & Well Being during COVID-19 outbreak "," https://youtu.be/iuKhtSehp24"
"Dr. Shekhar P. Seshadri on 'Connecting with little ones during the COVID19 Lockdown- English ","https://youtu.be/OYD9bogtJlU"
"Dr. Shekhar P. Seshadri on 'Connecting with little ones during the COVID19 Lockdown- Hindi","https://youtu.be/GPwn_e9iuvg"
"Revised Guidelines for Dialysis of COVID â 19 patients ","https://www.mohfw.gov.in/pdf/RevisedGuidelinesforDialysisofCOVID19Patients.pdf"
"Pradhan Mantri Garib Kalyan Package: Insurance Scheme for Health Workers Fighting COVID-19 - FAQs\n","https://www.mohfw.gov.in/pdf/FAQPradhanMantriGaribKalyanPackageInsuranceSchemeforHealthWorkersFightingCOVID19.pdf"
"Ministry of AYUSH advise on immunity boosting measures for self care during COVID 19 crisis ","https://www.mohfw.gov.in/pdf/ImmunityBoostingAYUSHAdvisory.pdf"
"Guidelines for Handling, Treatment and Disposal of Waste Generated during Treatment/Diagnosis/ Quarantine of COVID-19 Patients ","https://www.mohfw.gov.in/pdf/63948609501585568987wastesguidelines.pdf"
"Guidelines for Quarantine facilities COVID-19 ","https://www.mohfw.gov.in/pdf/90542653311584546120quartineguidelines.pdf"
"Advisory & Manual on use of Homemade Protective Cover for Face & Mouth ","https://www.mohfw.gov.in/pdf/Advisory&ManualonuseofHomemadeProtectiveCoverforFace&Mouth.pdf"
"DO Letter of Secretary, Ministry of Human Resource Development for  Arogya Setu App, and Light Candle at 09:00 PM on 5 April 2020 for 9 Minute. ","https://www.mohfw.gov.in/pdf/DOSecyHRD.pdf"
"Order issued by the Government of NCT of Delhi Relating to Landlords, House Owners dated 24 March 2020 ","http://health.delhigovt.nic.in/wps/wcm/connect/95096c804dacdc9595abf7982ee7a5c7/oLand.pdf?MOD=AJPERES&lmod=276494546&CACHEID=95096c804dacdc9595abf7982ee7a5c7"
"Order issued by the Government of NCT of Delhi  Relating to SOPs during Lock Down dated 24 March 2020 ","http://health.delhigovt.nic.in/wps/wcm/connect/db6065004dacd86a95a2f7982ee7a5c7/orderSOP?MOD=AJPERES&lmod=276609694&CACHEID=db6065004dacd86a95a2f7982ee7a5c7"
"Health Advisory for Elderly Population of India during COVID-19 ","https://www.mohfw.gov.in/pdf/AdvisoryforElderlyPopulation.pdf"
"Guidelines on disinfection of common public places including offices ","https://www.mohfw.gov.in/pdf/Guidelinesondisinfectionofcommonpublicplacesincludingoffices.pdf"
"Office Memorandum-CGHS-Reimbursement of OPD  Medicines Special Sanction in view of COVID-19","https://www.mohfw.gov.in/pdf/OM27march2020.pdf"
"Office Order-CGHS-Guidelines in view of the Corona Virus (COVID-19) Infection-issue of medicines","https://www.mohfw.gov.in/pdf/officeorder20032020.pdf"
"Office Order-CGHS-Guidelines in View of COVID-19","https://www.mohfw.gov.in/pdf/officeorder18032020.pdf"
"Gazette Notification - Hydroxychloroquine  now a schedule H1 drug, can be sold on prescription only","https://www.mohfw.gov.in/pdf/218927g.pdf"
"Press Note on Pradhan Mantri Garib Kalyan Yojna package from Ministry of Finance","https://www.mohfw.gov.in/pdf/MoFPMGaribKalyanYojanaPackage.pdf"
" Advisory - Social Distancing","https://www.mohfw.gov.in/pdf/SocialDistancingAdvisorybyMOHFW.pdf"
"Guidelines on Dead Body Management","https://www.mohfw.gov.in/pdf/1584423700568_COVID19GuidelinesonDeadbodymanagement.pdf"
"Guidelines for home quarantine","https://www.mohfw.gov.in/pdf/Guidelinesforhomequarantine.pdf"
"Guidelines on use of masks by public","https://www.mohfw.gov.in/pdf/Useofmaskbypublic.pdf"
" Advisory - Mass Gatherings","https://www.mohfw.gov.in/pdf/advisoryformassgathering.pdf"
"COVID-19 & Pregnancy & Labour Management ","https://youtu.be/MJwgi1LCu8o"
"Advisory for Voluntary Blood Donation during COVID- 19 scenario\n","https://www.mohfw.gov.in/pdf/NBTCGUIDANCEFORCOVID19.pdf"
"Video on use of PPE in different areas of the hospital\n","https://youtu.be/LzB5krucZoQ"
"Revised Guidelines for Dialysis of COVID â 19 patients ","https://www.mohfw.gov.in/pdf/RevisedGuidelinesforDialysisofCOVID19Patients.pdf"
"Pradhan Mantri Garib Kalyan Package: Insurance Scheme for Health Workers Fighting COVID-19 - FAQs\n","https://www.mohfw.gov.in/pdf/FAQPradhanMantriGaribKalyanPackageInsuranceSchemeforHealthWorkersFightingCOVID19.pdf"
"Guidance document on appropriate management of suspect/confirmed cases of COVID-19 - Types of Covid-19 dedicated facilities\n","https://www.mohfw.gov.in/pdf/FinalGuidanceonMangaementofCovidcasesversion2.pdf"
"Guidelines for Handling, Treatment and Disposal of Waste Generated during Treatment/Diagnosis/ Quarantine of COVID-19 Patients ","https://www.mohfw.gov.in/pdf/63948609501585568987wastesguidelines.pdf"
"Guidelines for Quarantine facilities COVID-19 ","https://www.mohfw.gov.in/pdf/90542653311584546120quartineguidelines.pdf"
"Advisory & Strategy for Use of Rapid Antibody Based Blood Test ","https://www.mohfw.gov.in/pdf/Advisory&StrategyforUseofRapidAntibodyBasedBloodTest.pdf"
" Revised National Clinical Management Guidelines for COVID-19","https://www.mohfw.gov.in/pdf/RevisedNationalClinicalManagementGuidelineforCOVID1931032020.pdf"
" Essential Technical Features for Ventilator for COVID-19","https://www.mohfw.gov.in/pdf/EssentialTechfeaturesforVentilators.pdf"
"Standard Operating Procedure (SOP) for transporting a suspect/confirmed case of COVID-19 ","https://www.mohfw.gov.in/pdf/StandardOperatingProcedureSOPfortransportingasuspectorconfirmedcaseofCOVID19.pdf"
"SOP for allocation of Residents/PG Students and Nursing Students as part of hospital management of COVID-19 ","https://www.mohfw.gov.in/pdf/COVID19SOPfordoctorsandnurses.pdf"
"Office Memorandum-CGHS-Reimbursement of OPD  Medicines Special Sanction in view of COVID-19","https://www.mohfw.gov.in/pdf/OM27march2020.pdf"
"Office 	Order-CGHS-Guidelines in view of the Corona Virus (COVID-19) Infection-issue of medicines","https://www.mohfw.gov.in/pdf/officeorder20032020.pdf"
"Office Order-CGHS-Guidelines in View of COVID-19","https://www.mohfw.gov.in/pdf/officeorder18032020.pdf"
"Gazette Notification - Hydroxychloroquine  now a schedule H1 drug, can be sold on prescription only","https://www.mohfw.gov.in/pdf/218927g.pdf"
"Webinar schedule of COVID-19 of AIIMS New Delhi","https://www.mohfw.gov.in/pdf/COVIDWebinarSchedule26March2019.pdf"
"Doorstep Delivery of Drugs to Consumers","https://www.mohfw.gov.in/pdf/Doorstepdelivery26B.pdf"
"Telemedicine Practice Guidelines","https://www.mohfw.gov.in/pdf/Telemedicine.pdf"
"Letter from Ministry of Consumer Affairs, Food & Public Distribution to States to take appropriate measures to ensure the availability of Ethyl Alcohol/Ethanol/ENA to the manufacturers of hand sanitizers in order to contain Corona Virus COVID- l9 ","https://www.mohfw.gov.in/pdf/ReviewofpricesofEssentialCommodities.pdf"
"Guidelines on rational use of Personal Protective Equipment   ","https://www.mohfw.gov.in/pdf/GuidelinesonrationaluseofPersonalProtectiveEquipment.pdf"
"Advisory on the use of Hydroxy-chloroquin as prophylaxis for SARS-CoV-2 infection ","https://www.mohfw.gov.in/pdf/AdvisoryontheuseofHydroxychloroquinasprophylaxisforSARSCoV2infection.pdf"
"Notification of ICMR guidelines for COVID-19 testing in private laboratories in India ","https://www.mohfw.gov.in/pdf/NotificationofICMguidelinesforCOVID19testinginprivatelaboratoriesiIndia.pdf"
"Advisory for Hospitals and Medical Institutions ","https://www.mohfw.gov.in/pdf/AdvisoryforHospitalsandMedicalInstitutions.pdf"
"Latest Testing Guidelines of Indian Council of Medical Research (ICMR) ","https://www.mohfw.gov.in/pdf/LabTestingAdvisory.pdf"
"Guidelines for notifying COVID-19 affected persons by Private Institutions","https://www.mohfw.gov.in/pdf/GuidelinesfornotifyingCOVID-19affectedpersonsbyPrivateInstitutions.pdf"
"Discharge policy for suspect or confirmed Novel Coronavirus (2019-nCoV) cases","https://www.mohfw.gov.in/pdf/Corona%20Discharge-Policy.pdf"
"SOP for Mock Drill on 22nd March 2020 for Hospital Preparedness ","https://www.mohfw.gov.in/pdf/MockDrill.pdf"
"Revised Guidelines/Strategy for COVID-19 testing by Indian Council of Medical Research (ICMR)","https://www.mohfw.gov.in/pdf/ICMRrevisedtestingstrategyforCOVID.pdf"
"Guidelines on Dead Body Management","https://www.mohfw.gov.in/pdf/1584423700568_COVID19GuidelinesonDeadbodymanagement.pdf"
"ICMR strategy for COVID-19 testing in India","https://www.mohfw.gov.in/pdf/ICMRstrategyforCOVID19testinginIndia.pdf"
"Guidelines for Infection Prevention and Control in Healthcare Facilities","https://www.mohfw.gov.in/pdf//National%20Guidelines%20for%20IPC%20in%20HCF%20-%20final%281%29.pdf"
"Guidance for sample Collection, Packaging and Transportation for Novel Coronavirus","https://www.mohfw.gov.in/pdf/5Sample%20collection_packaging%20%202019-nCoV.pdf"
"Webinar on COVID-19 and Management of Pregnancy\n","https://www.mohfw.gov.in/pdf/COVID19PregnancyAIIMSWebinar.pdf"
"iGOT Training Modules for COVID-19 Management ","https://www.mohfw.gov.in/pdf/iGOTCOVID19Circular.pdf"
"Ayush master trainers Training by Ministry of Ayush ","https://www.youtube.com/watch?v=L4DWHP_mpwY&feature=youtu.be"
"Updated List of Training Resources for COVID - 19 Management ","https://www.mohfw.gov.in/pdf/BASEDOCforRESOURCESrev06042020.pdf"
"Webinar schedule for training of  Physicians officers on COVID-19 by AIIMS New Delhi  ","https://www.mohfw.gov.in/pdf/RevisedCOVIDWebinarforPhysicianofficers2.pdf"
"Revised Webinar schedule for training of  Nursing officers on COVID-19 by AIIMS New Delhi  ","https://www.mohfw.gov.in/pdf/RevisedCOVIDWebinarforNursingofficers2.pdf"
"Video on Training for Ventilatory Support for COVID-19 ","https://www.youtube.com/watch?v=mXEAqRaqafY"
"Advisory for Human Resource Management of COVID-19  ","https://www.mohfw.gov.in/pdf/AdvisoryforHRmanagement.pdf"
"Training for Nursing Personnel  ","https://youtu.be/mdrK_zhHD88"
" Revised Webinar schedule of COVID-19 of AIIMS New Delhi ","https://www.mohfw.gov.in/pdf/AIIMSCOVIDWebinarScheduleRevised.pdf"
"Training Resources ","https://www.mohfw.gov.in/pdf/TrainingresourcesforCOVID1930MARCH.pdf"
"Webinar series for Epidemiology, Infection Control, Clinical Management and Nursing of COVID-19 by AIIMS New Delhi ","https://www.youtube.com/channel/UClhIpqB1ENbKtsWsVk0P_vg"
"Webinar schedule for Nursing officers training of COVID-19 in AIIMS New Delhi ","https://www.mohfw.gov.in/pdf/COVIDWEbinar.pdf"
"Advisory for Voluntary Blood Donation during COVID- 19 scenario\n","https://www.mohfw.gov.in/pdf/NBTCGUIDANCEFORCOVID19.pdf"
"Release of funds to States/UTs under NHM for Emergency Response and Health System Preparedness Package for COVID-19\n","https://www.mohfw.gov.in/pdf/DOASMDCOVID19MD.pdf"
"Pradhan Mantri Garib Kalyan Package: Insurance Scheme for Health Workers Fighting COVID-19 - FAQs\n","https://www.mohfw.gov.in/pdf/FAQPradhanMantriGaribKalyanPackageInsuranceSchemeforHealthWorkersFightingCOVID19.pdf"
"Guidance document on appropriate management of suspect/confirmed cases of COVID-19 - Types of Covid-19 dedicated facilities\n","https://www.mohfw.gov.in/pdf/FinalGuidanceonMangaementofCovidcasesversion2.pdf"
"Ministry of AYUSH advise on immunity boosting measures for self care during COVID 19 crisis ","https://www.mohfw.gov.in/pdf/ImmunityBoostingAYUSHAdvisory.pdf"
"Advisory issued by Ministry of Rural Development to the State Rural Livelihoods Missions on actions to be taken to address the COVID 19 outbreak ","https://www.mohfw.gov.in/pdf/advisoryMORD.pdf"
"Guidelines for Handling, Treatment and Disposal of Waste Generated during Treatment/Diagnosis/ Quarantine of COVID-19 Patients ","https://www.mohfw.gov.in/pdf/63948609501585568987wastesguidelines.pdf"
"Guidelines for Quarantine facilities COVID-19 ","https://www.mohfw.gov.in/pdf/90542653311584546120quartineguidelines.pdf"
"Advisory & Strategy for Use of Rapid Antibody Based Blood Test ","https://www.mohfw.gov.in/pdf/Advisory&StrategyforUseofRapidAntibodyBasedBloodTest.pdf"
"Letter to States/UTs with Control Room Emergency contact numbers of All India Industrial Gases Manufacturerâs Association ","https://www.mohfw.gov.in/pdf/DO&AnnexureAS&MD.pdf"
"Letter to States/UTs and Heads of all the Associations of Doctors/Healthcare providers regarding 'Pradhan Mantri Garib Kalyan Package: Insurance Scheme with Forms ","https://www.mohfw.gov.in/pdf/pdfjoiner.pdf"
"Containment Plan for Large Outbreaks of COVID-19 ","https://www.mohfw.gov.in/pdf/3ContainmentPlanforLargeOutbreaksofCOVID19Final.pdf"
"Request to States/UTs to provide support to ICMR Labs doing COVID-19 Testing ","https://www.mohfw.gov.in/pdf/Covid19DOtoStatesSupportLabinrealtimeupdate.pdf"
"DO Letter of Secretary, Ministry of Human Resource Development for  Arogya Setu App, and Light Candle at 09:00 PM on 5 April 2020 for 9 Minute ","https://www.mohfw.gov.in/pdf/DOSecyHRD.pdf"
"Letter from Secretary Health to Chief Secretaries of all States/UTs in connection with directions of Hon'ble Supreme Court for migrant labourers  ","https://www.mohfw.gov.in/pdf/SupremeCourtOrderonmigrants.pdf"
" DO Letter of Secretary, Department of Rural Development regarding utilizing services of DDU-GKY trained youth  ","https://www.mohfw.gov.in/pdf/DOtoStatesUTsreg.pdf"
" List of youth trained under DDU-GKY (Deen Dayal Upadhyaya Grameen Kaushal Yojna)  ","https://www.mohfw.gov.in/pdf/CopyofDDUGKY.xlsx"
" Advisory for quarantine of migrant workers   ","https://www.mohfw.gov.in/pdf/Advisoryforquarantineofmigrantworkers.pdf"
" Preliminary Stakeholder Engagement Plan (SEP) â India COVID-19 Emergency Response and Health Systems Preparedness Project (P173836)","https://www.mohfw.gov.in/pdf/1PreliminaryStakeholderEngagementPlan.pdf"
" Environmental and Social Commitment Plan (ESCP) - India COVID-19 Emergency Response and Health Systems Preparedness Project (P173836)","https://www.mohfw.gov.in/pdf/2EnvironmentalandSocialCommitmentPlanESCP.pdf"
"D.O Letter from Home Secretary to all Secretaries of Government Of India  on movement of Goods dated 29.03.2020 ","https://www.mohfw.gov.in/pdf/SecysMHLetter2932020regconsolidatedguidelinesandmigrantlabourers.pdf"
"Guidelines on disinfection of common public places including offices","https://www.mohfw.gov.in/pdf/Guidelinesondisinfectionofcommonpublicplacesincludingoffices.pdf"
"Standard Operating Procedure (SOP) for transporting a suspect/confirmed case of COVID-19 ","https://www.mohfw.gov.in/pdf/StandardOperatingProcedureSOPfortransportingasuspectorconfirmedcaseofCOVID19.pdf"
"Letter from National Pharmaceutical Pricing Authority (NPPA) to states for Ensuring availability and distribution of Masks, Gloves and Sanitizers","https://www.mohfw.gov.in/pdf/NPPADOLETTER28032020.pdf"
"Gazette Notification - Hydroxychloroquine  now a schedule H1 drug, can be sold on prescription only","https://www.mohfw.gov.in/pdf/218927g.pdf"
"D.O. Letter  from Cabinet Secretary to Chief Secretaries for management and containment of COVID-19 dated 26.03.2020   ","https://www.mohfw.gov.in/pdf/ChiefSecretary26032020.pdf"
"D.O. Letter 3 from Secretary, Human Resource Development to Chief Secretaries for temporary Medical camps in Jawahar Navodaya Vidyalayas dated 24th March 2020  ","https://www.mohfw.gov.in/pdf/DOtoChiefSecretariesregCOVID19.pdf"
"DO Letter of Home Secretary regarding urgent need to take stringent actions to contain the spread of COVID-19.","https://www.mohfw.gov.in/pdf/DOletter_secretary.pdf"
"Annexure to Ministry of Home Affairs Order No. 40-3/2020-D Dated 24-3-2020.","https://www.mohfw.gov.in/pdf/Annexure_MHA.pdf"
"D.O. Letter 2 from Cabinet Secretary to Chief Secretaries for management and containment of COVID-19 dated 24.03.2020  ","https://www.mohfw.gov.in/pdf/cbsecretary2020.pdf"
"D.O. Letter from Secretary Shipping to States for smooth carrying of goods to & from ports","https://www.mohfw.gov.in/pdf/DOHealthSHIPPING.pdf"
"Guidelines on rational use of Personal Protective Equipment","https://www.mohfw.gov.in/pdf/GuidelinesonrationaluseofPersonalProtectiveEquipment.pdf"
"Model Micro-plan for containment of local transmission of COVID-19 ","https://www.mohfw.gov.in/pdf/ModelMicroplanforcontainmentoflocaltransmissionofCOVID19.pdf"
"D.O. Letter from Secretary, Human Resource Development to Chief Secretaries for temporary Medical camps in Jawahar Navodaya Vidyalayas dated 24th March 2020 ","https://www.mohfw.gov.in/pdf/DOtoChiefSecretariesregCOVID19.pdf"
"Letter from Ministry of Consumer Affairs, Food & Public Distribution to States to take appropriate measures to ensure the availability of Ethyl Alcohol/Ethanol/ENA to the manufacturers of hand sanitizers in order to contain Corona Virus COVID- l9","https://www.mohfw.gov.in/pdf/ReviewofpricesofEssentialCommodities.pdf"
"D.O. Letter from Cabinet Secretary to Chief Secretaries for management and containment of COVID-19 dated 24.03.2020","https://www.mohfw.gov.in/pdf/doletter24032020.pdf"
"D.O. Letter from Cabinet Secretary to Chief Secretaries for management and containment of COVID-19 dated 23.03.2020","https://www.mohfw.gov.in/pdf/DOletter23032020.pdf"
"Letter from Ministry of Home Affairs - Restrictions on international passenger traffic through Authorized Immigration Check Posts in view of the COVID-19","https://www.mohfw.gov.in/pdf/ClosingofImmigrationCheckPosts.pdf"
" Office Order from Ministry of Shipping - State Government/Union Territories have issued prohibitory orders, Imposing restrictions on non-essential services in view of the COVID-19","https://www.mohfw.gov.in/pdf/ministryofshippingOrderdated2332020.pdf"
"D.O. Letter from Cabinet Secretary to Chief Secretaries for management and containment of COVID-19 dated 22.03.2020","https://www.mohfw.gov.in/pdf/ChiefSecyDOLetter.pdf"
"Revised Guidelines/Strategy for COVID-19 testing by Indian Council of Medical Research (ICMR)","https://www.mohfw.gov.in/pdf/ICMRrevisedtestingstrategyforCOVID.pdf"
"Instructions to all major and minor ports for dealing with(COVID-19)","https://www.mohfw.gov.in/pdf/DGSOrder04of2020.pdf"
"Letter from Secretary, Dept of Higher Education/School Education regarding Digital/e-Learning","https://www.mohfw.gov.in/pdf/Covid19.pdf"
"SOP for Mock Drill on 22nd March 2020 for Hospital Preparedness","https://www.mohfw.gov.in/pdf/MockDrill.pdf"
"Advisory from Department of Sports for Sports Organizations","https://www.mohfw.gov.in/pdf/DepttofSports.pdf"
"DOPT OM - Preventive measures to contain the spread of COVID-19 in Training Institutes","https://www.mohfw.gov.in/pdf/InstructionsforTrainingInstitutes.pdf"
"Letter from Department of Food & Public Distribution regarding Hand Sanitizer Production and Availability ","https://www.mohfw.gov.in/pdf/SanitizerLetter.pdf"
"DO Letter from Secretary, DoHFW to State Chief Secretaries regarding Social Distancing Measures","https://www.mohfw.gov.in/pdf/Letterdated2032020toCSs.pdf"
"Monitoring of the quality standards of hand Sanitizers","https://www.mohfw.gov.in/pdf/Monitoringofthequalitystandardsofhandsanitizers2020.pdf"
"Directives from MoHRD for all Educational Institutions and Examination Boards regarding precautions to be taken in light of COVID-19","https://www.mohfw.gov.in/pdf/DOSecyHE.pdf"
"DoPT OM - Preventive measures to be taken to contain the spread of Novel Coronavirus (COVID-19)","https://www.mohfw.gov.in/pdf/PreventivemeasuresDOPT.pdf"
"Guidelines for notifying COVID-19 affected persons by Private Institutions","https://www.mohfw.gov.in/pdf/GuidelinesfornotifyingCOVID-19affectedpersonsbyPrivateInstitutions.pdf"
"Latest Testing Guidelines of Indian Council of Medical Research (ICMR) ","https://www.mohfw.gov.in/pdf/LabTestingAdvisory.pdf"
"Advisory - Social Distancing ","https://www.mohfw.gov.in/pdf/SocialDistancingAdvisorybyMOHFW.pdf"
"Guidelines on Dead Body Management","https://www.mohfw.gov.in/pdf/1584423700568_COVID19GuidelinesonDeadbodymanagement.pdf"
"Norms of assistance from State Disaster Response Fund (SDRF) in wake of COVID-19 outbreak","https://www.mohfw.gov.in/pdf/RevisedItem&NormsforutilisationofSDRFdt14032020.pdf"
"National Pharmaceutical Pricing Authority (NPPA) Order regarding Masks, Hand Sanitizers and Gloves ","https://www.mohfw.gov.in/pdf/Orderdated1332020.pdf"
"Gazette Notification - Essential Commodities Order, 2020 - with regards to Masks and Hand Sanitizers (770KB)  ","https://www.mohfw.gov.in/pdf/218645.pdf"
"Invoking powers under Disaster Management Act 2005 ","https://www.mohfw.gov.in/pdf/disastermanagmentact.pdf"
"Decisions- High level Group of Ministers meeting to review current status and actions for prevention and management of COVID-19 ","https://www.mohfw.gov.in/pdf/HFWnCoVGoM11March2020II.pdf"
"Standard Operating Procedure (SOP) for COVID-19 Management- International Cruise Ships at major Indian Ports","https://www.mohfw.gov.in/pdf/InternationalCruiseShipsSOPforCovid19.pdf"
"ICMR strategy for COVID-19 testing in India","https://www.mohfw.gov.in/pdf/ICMRstrategyforCOVID19testinginIndia.pdf"
"Cabinet Secretary DO letter dated 8th March, 2020 to all Government of India Ministries on COVID-19 management","https://www.mohfw.gov.in/pdf/COVIDCabSecLetterGuidelines.pdf"
"Advisory for Exemption to mark biometric attendance in AEBAS","https://www.mohfw.gov.in/pdf/advisoryforbiometricattendance.pdf"
" Advisory - Mass Gatherings","https://www.mohfw.gov.in/pdf/advisoryformassgathering.pdf"
"Kerala COVID 19 updates and advisory ","http://dhs.kerala.gov.in/public-health-2019-n-corona-virus/#"
"Advisory for Hospitals and Medical Institutions ","https://www.mohfw.gov.in/pdf/AdvisoryforHospitalsandMedicalInstitutions.pdf"
"Cluster Containment Plan for COVID-19 ","https://www.mohfw.gov.in/pdf/Containmentplan02042020.pdf"
"Guidance on Surveillance for human infection with 2019-nCoV","https://www.mohfw.gov.in/pdf/Guidance%20document%20-%202019-nCoV.pdf"
"Guidance for sample Collection, Packaging and Transportation for Novel Coronavirus","https://www.mohfw.gov.in/pdf/5Sample%20collection_packaging%20%202019-nCoV.pdf"
"Extension of Validity of CGHS Card in view of the Corona virus (COVID_19) infection  ","https://www.mohfw.gov.in/pdf/ExtensionofValidityofCGHSCardtill30AprilinviewofCOVID19.pdf"
"Reimbursement of OPD medicines to CS(MA) beneficiaries: Special sanction in view of COVID-19  ","https://www.mohfw.gov.in/pdf/20200401CSMAOM.pdf"
" Advisory for quarantine of migrant workers   ","https://www.mohfw.gov.in/pdf/Advisoryforquarantineofmigrantworkers.pdf"
"Guidelines on disinfection of common public places including offices","https://www.mohfw.gov.in/pdf/Guidelinesondisinfectionofcommonpublicplacesincludingoffices.pdf"
"DOPT OM - Preventive measures to contain the spread of COVID-19 in Training Institutes","https://www.mohfw.gov.in/pdf/InstructionsforTrainingInstitutes.pdf"
"Directives from MoHRD for all Educational Institutions and Examination Boards regarding precautions to be taken in light of COVID-19","https://www.mohfw.gov.in/pdf/DOSecyHE.pdf"
"DoPT OM - Preventive measures to be taken to contain the spread of Novel Coronavirus (COVID-19)","https://www.mohfw.gov.in/pdf/PreventivemeasuresDOPT.pdf"
"DO Letter from Secretary, DoHFW to State Chief Secretaries regarding Social Distancing Measures","https://www.mohfw.gov.in/pdf/Letterdated2032020toCSs.pdf"
"Advisory for Exemption to mark biometric attendance in AEBAS","https://www.mohfw.gov.in/pdf/advisoryforbiometricattendance.pdf"
"Video on Salutations to Coronavirus Warriors - I\n","https://youtu.be/xMWe4UnykWc"
"Video on Salutations to Coronavirus Warriors - II ","https://youtu.be/Llw7zjc1_r8"
"Know how to use your own Homemade Reusable Face Cover\n","https://youtu.be/Q-Iy7ccCpS4"
"Know how to use your own Homemade Reusable Face Cover\n","https://youtu.be/Q-Iy7ccCpS4"
"Video on Lockdown - Staying Active at Home "," https://youtu.be/maBw7HmrU8c"
"Play Store APP ","http://bit.ly/AarogyaSetu_PS"
"IOS APP","https://apple.co/2X1KMzO"
"Video on Covid-19  awareness for community level workers ","https://youtu.be/UIQlZBO2ilA"
" Handling Public Grievances pertaining to COVID-19 in M/o Health & Family Welfare","https://www.mohfw.gov.in/pdf/MoHFWCOVIDNODALOFFICER.pdf"
"Video from experts from AIIMS, New Delhi sharing basic steps on hand washing to fight against COVID-19 â English "," https://www.youtube.com/watch?v=htl6ZUQ-b3Y&list=PL1a9DHjZmejE-Ep2PAu2OR8HBfLP0BLIk&index=1"
"Video from experts from AIIMS, New Delhi sharing basic steps on hand washing to fight against COVID-19 - Hindi "," https://www.youtube.com/watch?v=8Dt1BTGXn5I&list=PL1a9DHjZmejE-Ep2PAu2OR8HBfLP0BLIk&index=2"
"Video from experts from AIIMS Advising Stay Home Stay Safe â English "," https://www.youtube.com/watch?v=yZd8bPTfYOg&list=PL1a9DHjZmejE-Ep2PAu2OR8HBfLP0BLIk&index=3"
"Video from experts from AIIMS Advising âStay Home Stay Safeâ â Hindi "," https://www.youtube.com/watch?v=IfeWAxE4OZE&list=PL1a9DHjZmejE-Ep2PAu2OR8HBfLP0BLIk&index=4"
"Poster on Social distancing in a market place during COVID-19 English ","https://www.mohfw.gov.in/pdf/socialdistancingEnglish.pdf"
"Poster on Social distancing in a market place during COVID-19 Hindi ","https://www.mohfw.gov.in/pdf/socialdistancingHindi.pdf"
"1.   A letter from HFM to the Health Administrators  ","https://www.mohfw.gov.in/pdf/HFMLettergeneralawarness.pdf"
"2.  Community leaflet  ","https://www.mohfw.gov.in/pdf/LeafletGHFandDHGA.pdf"
"3.  What is Novel Coronavirus?","https://www.mohfw.gov.in/pdf/Poster1GHFanDHGA.pdf"
"4. Is your Healthcare facility ready to manage patients with COVID-19?  ","https://www.mohfw.gov.in/pdf/Poster2GHFGA.pdf"
"5. How to use the handrub? ","https://www.mohfw.gov.in/pdf/Poster3GHFGA.pdf"
"6. When and How to wear mask? ","https://www.mohfw.gov.in/pdf/Poster4GHFGA.pdf"
"7. Guidelines on the use of materials ","https://www.mohfw.gov.in/pdf/GuidelinebookGA1mb.pdf"
"1.   A letter from HFM to the Health Administrators  ","https://www.mohfw.gov.in/pdf/HFMLetter.pdf"
"2.  Community leaflet  ","https://www.mohfw.gov.in/pdf/LeafletGHFandDH.pdf"
"3.  What is Novel Coronavirus?","https://www.mohfw.gov.in/pdf/Poster1GHFandDH.pdf"
"4. Is your Healthcare facility ready to manage patients with COVID-19?  ","https://www.mohfw.gov.in/pdf/Poster2.pdf"
"5. How to protect all health workers at designated hospital? ","https://www.mohfw.gov.in/pdf/Poster3.pdf"
"6. What are my moments of hand hygiene? ","https://www.mohfw.gov.in/pdf/Poster4.pdf"
"7. How to manage Suspected or confirmed COVID-19 patients at designated hospital? ","https://www.mohfw.gov.in/pdf/Poster5DH.pdf"
"8. Guidelines on the use of materials ","https://www.mohfw.gov.in/pdf/Guidelinebook1mb.pdf"
"1.  Facilitator Guide  ","https://www.mohfw.gov.in/pdf/FacilitatorGuideCOVID19_27 March.pdf"
"2.  PPT with seven sessions including for Urban  ","https://www.mohfw.gov.in/pdf/2COVID19PPT_25MarchPPTWithAnimation.pdf"
"3.  A digital pocket book for frontline workers","https://www.mohfw.gov.in/pdf/3Pocketbookof5_Covid19_27March.pdf"
"4. Training Protocols and guidelines  ","https://www.mohfw.gov.in/pdf/4FLWToolkitHowtousethetoolkit.pdf"
"5. Training Plan template ","https://www.mohfw.gov.in/pdf/5COVIDFLWTrainingPlan27March.pdf"
"When to get tested for COVID-19 English ","https://www.mohfw.gov.in/pdf/FINAL_14_03_2020_ENg.pdf"
"When to get tested for COVID-19 Hindi ","https://www.mohfw.gov.in/pdf/FINAL_14_03_2020_Hindi.pdf"
"Role of Frontline Workers in Prevention and Management of CORONA VIRUS- English ","https://www.mohfw.gov.in/pdf/PreventionandManagementofCOVID19FLWEnglish.pdf"
" Role of Frontline Workers in Prevention and Management of CORONA VIRUS - Hindi ","https://www.mohfw.gov.in/pdf/PreventionandManagementofCOVID19FLWHindi.pdf"
"Posters for Safety measures against COVID-19 - English ","https://www.mohfw.gov.in/pdf/ProtectivemeasuresEng.pdf"
" Posters for Safety measures against COVID-19 - Hindi ","https://www.mohfw.gov.in/pdf/ProtectivemeasuresHin.pdf"
"KIDS, VAAYU & CORONA : Comic book for children to provide correct information about COVID-19 - Part 2","https://www.mohfw.gov.in/pdf/CoronaComic2PGIPU22Mar20.pdf"
"Posters for Indians traveling from abroad - English  ","https://www.mohfw.gov.in/pdf/PostrerEnglishtraveller.pdf"
"Posters for Indians traveling from abroad - Hindi ","https://www.mohfw.gov.in/pdf/PosterTravellerHindi.pdf"
"When to wear mask?: English ","https://www.mohfw.gov.in/pdf/Mask-Eng.pdf"
"When to wear mask?: Hindi ","https://www.mohfw.gov.in/pdf/Mask-Hindi.pdf"
"KIDS, VAAYU & CORONA : Comic book for children to provide correct information about COVID-19","https://www.mohfw.gov.in/pdf/Corona_comic_PGI.pdf"
"Do's and Don't Poster in English ","https://www.mohfw.gov.in/pdf/Poster_Corona_ad_Eng.pdf"
"Do's and Don't Poster in Hindi ","https://www.mohfw.gov.in/pdf/Poster_Corona_ad_Hin.pdf"
"Watch all COVID-19 management videos here ","https://www.youtube.com/playlist?list=PL1a9DHjZmejE-Ep2PAu2OR8HBfLP0BLIk"
"TV and Radio Spots (English & Hindi) for COVID-19","https://drive.google.com/drive/folders/1wvEmLyv3w3gUMpJP5VhgZgXruuusRpJS"
