,S. No.,Name of State / UT,Total Confirmed cases (Including 71 foreign Nationals) ,Cured/Discharged/Migrated,Death
0,1,Andhra Pradesh,363,7,6
1,2,Andaman and Nicobar Islands,11,0,0
2,3,Arunachal Pradesh,1,0,0
3,4,Assam,29,0,0
4,5,Bihar,60,0,1
5,6,Chandigarh,18,7,0
6,7,Chhattisgarh,10,9,0
7,8,Delhi,898,25,13
8,9,Goa,7,1,0
9,10,Gujarat,241,26,17
10,11,Haryana,169,29,3
11,12,Himachal Pradesh,28,6,1
12,13,Jammu and Kashmir,184,6,4
13,14,Jharkhand,13,0,1
14,15,Karnataka,197,30,6
15,16,Kerala,357,96,2
16,17,Ladakh,15,10,0
17,18,Madhya Pradesh,259,0,16
18,19,Maharashtra,1364,125,97
19,20,Manipur,2,1,0
20,21,Mizoram,1,0,0
21,22,Odisha,44,2,1
22,23,Puducherry,5,1,0
23,24,Punjab,132,5,11
24,25,Rajasthan,463,21,3
25,26,Tamil Nadu,834,21,8
26,27,Telengana,473,35,7
27,28,Tripura,1,0,0
28,29,Uttarakhand,35,5,0
29,30,Uttar Pradesh,431,32,4
30,31,West Bengal,116,16,5
